{
  "avg_latency_ms": 56.5747611108236,
  "max_latency_ms": 96.05099994223565,
  "predictions_count": 18,
  "action_distribution": {
    "STOP": 2,
    "FORWARD": 16
  },
  "avg_confidence": 0.8261111111111111
}