{
  "avg_latency_ms": 31.31243297545378,
  "max_latency_ms": 72.74199998937547,
  "predictions_count": 188,
  "action_distribution": {
    "STOP": 53,
    "LEFT": 50,
    "FORWARD": 50,
    "RIGHT": 35
  },
  "avg_confidence": 0.7622074468085106
}