{
  "avg_latency_ms": 32.45862287362701,
  "max_latency_ms": 94.64499994646758,
  "predictions_count": 188,
  "action_distribution": {
    "STOP": 53,
    "LEFT": 50,
    "FORWARD": 50,
    "RIGHT": 35
  },
  "avg_confidence": 0.7622074468085106,
  "phase_distribution": {
    "SUSTAINED": 180,
    "INITIATION": 8
  }
}